T1098,T903
T1099,T904
T1100,T905
T1101,T906
T1102,T815
T1103,T816
T1104,T817
T1105,T818
T1106,T819
T1107,T820
T1108,T821
T1109,T822
T1110,T823
T1110,T852
T1111,T824
T1111,T853
T1112,T825
T1113,T826
T1114,T827
T1115,T828
T1116,T907
T1116,T909
T1117,T908
T1118,T907
T1118,T909
T1119,T910
T1120,T823
T1120,T852
T1121,T824
T1121,T853
T1122,T854
T1123,T855
T1124,T856
T1125,T857
T1126,T858
T1127,T859
T1128,T860
T1129,T861
T1130,T862
T1131,T863
T1132,T864
T1132,T876
T1133,T865
T1134,T866
T1135,T867
T1136,T868
T1138,T871
T1139,T872
T1139,T875
T1140,T873
T1140,T874
T1141,T873
T1141,T874
T1142,T872
T1142,T875
T1143,T864
T1143,T876
